0,80
2.02577992584562e-08,80.0000000000005
4.05155985169125e-08,80.000000000002
6.07733977753687e-08,80.0000000000046
8.1031197033825e-08,80.0000000000081
1.82320193326106e-07,80.0000000000412
2.83609189618387e-07,80.0000000000997
3.84898185910669e-07,80.0000000001837
4.8618718220295e-07,80.0000000002931
9.92632163664356e-07,80.0000000012218
1.49907714512576e-06,80.0000000027865
2.00552212658717e-06,80.0000000049873
2.51196710804857e-06,80.0000000078242
5.0441920153556e-06,80.0000000315501
7.57641692266263e-06,80.0000000711787
1.01086418299697e-05,80.0000001267106
1.26408667372767e-05,80.0000001981462
2.53019912738118e-05,80.0000007939002
3.7963115810347e-05,80.0000017873293
5.06242403468821e-05,80.0000031785006
6.32853648834173e-05,80.000004967481
0.000126590987566093,80.0000198818595
0.000189896610248769,80.0000447514894
0.000253202232931445,80.0000795847087
0.00031650785561412,80.00012438984
0.000633035969027499,80.0004982843915
0.000949564082440878,80.0011227162992
0.00126609219585426,80.0019987085544
0.00158262030926764,80.0031272744772
0.00316526087633453,80.0125934913434
0.00474790144340142,80.0285204388545
0.00633054201046832,80.0510236737088
0.00791318257753521,80.0802124721301
0.0158263854128697,80.3298232740014
0.0237395882482042,80.759209450192
0.0316527910835386,81.3744554283084
0.0395659939188731,82.1773219550662
0.061610587721281,85.3753179364191
0.083655181523689,89.7482279708039
0.105699775326097,94.8603008965692
0.127744369128505,100.150598700721
0.148894884030995,104.802948188508
0.170045398933486,108.540945288008
0.191195913835976,111.023332293942
0.212346428738467,112.084702934784
0.228529808684813,111.951097881219
0.244713188631159,111.120703395511
0.260896568577505,109.762943158707
0.277079948523852,108.092638779715
0.282996115489617,107.452934971493
0.288912282455382,106.816938609858
0.294828449421148,106.196914859362
0.300744616386913,105.604916396145
0.306660783352678,105.052670943763
0.312576950318444,104.551353725056
0.318493117284209,104.111448848489
0.324409284249975,103.742666488805
0.325702557343733,103.672416408761
0.326995830437491,103.606076638351
0.32828910353125,103.543730590364
0.329582376625008,103.485459251424
0.330875649718766,103.431733514446
0.332168922812525,103.382008844465
0.333462195906283,103.334587004383
0.334755469000042,103.287430740725
0.335799294229083,103.248737136553
0.336843119458125,103.20979777416
0.337886944687167,103.170614677464
0.338930769916208,103.131189856704
0.344149896061417,102.930509414486
0.349369022206625,102.724079583217
0.354588148351833,102.512136610142
0.359807274497042,102.294909070707
0.385902905223083,101.137435449865
0.411998535949125,99.8777454570937
0.438094166675166,98.5364109348974
0.464189797401208,97.1318820845296
0.497504632248022,95.2717538321581
0.530819467094836,93.3576052269772
0.56413430194165,91.4087898680404
0.597449136788464,89.442984259934
0.635584035089078,87.1901227212329
0.673718933389692,84.9461570274025
0.711853831690306,82.7215550927925
0.749988729990921,80.5262328967965
0.762562842583069,79.8102158715279
0.775136955175217,79.0982530058059
0.787711067767366,78.3905075618503
0.800285180359514,77.6871275914248
0.808118254757039,77.2512210719764
0.815951329154565,76.8170885800753
0.82378440355209,76.38475682051
0.831617477949615,75.9542506470757
0.83945055234714,75.5700304387037
0.847283626744666,75.3394103307459
0.855116701142191,75.3187876625941
0.862949775539716,75.5140174259195
0.871705076624954,75.9692935218419
0.880460377710193,76.6774920031649
0.889215678795431,77.6282865269844
0.89797097988067,78.8052169406782
0.919812318864781,82.5770042209211
0.941653657848893,87.116407152385
0.963494996833005,91.845884659082
0.985336335817116,96.1674752738232
1.0065586801608,99.4408319640988
1.02778102450449,101.466565522324
1.04900336884818,102.113233172847
1.07022571319186,101.453532552333
1.08742904148114,100.146747574362
1.10463236977042,98.4097104730566
1.12183569805969,96.5198772195537
1.13903902634897,94.7709748156585
1.14461641825606,94.2841099029878
1.15019381016314,93.8515359157079
1.15577120207022,93.4814888517777
1.16134859397731,93.1815248650878
1.16233633743081,93.1362363410588
1.16332408088431,93.0933963861645
1.16431182433781,93.0530391653568
1.16529956779131,93.0151979824935
1.16628731124481,92.9801409458197
1.16727505469831,92.9475272875886
1.16826279815181,92.9163259801653
1.16925054160531,92.8853055003345
1.17005819998439,92.8595680155477
1.17086585836348,92.8336912613445
1.17167351674256,92.8076761177492
1.17248117512165,92.7815234601782
1.17651946701707,92.648727810863
1.18055775891249,92.5126229866572
1.18459605080792,92.3733133258492
1.18863434270334,92.2309005150669
1.20882580218046,91.4757777203844
1.22901726165757,90.6568188391212
1.24920872113469,89.7839481743451
1.26940018061181,88.8661264904783
1.30218605189431,87.3005265418639
1.33497192317681,85.6635332937879
1.36775779445932,83.9764024272288
1.40054366574182,82.2585100465881
1.43695992894291,80.333295476114
1.47337619214401,78.4025382109599
1.5097924553451,76.4773561095901
1.5462087185462,74.5681066575768
1.57053167594921,73.3058237938842
1.59485463335222,72.0553643488122
1.61917759075523,70.8180391397144
1.64350054815824,69.5949921993846
1.6488105053325,69.3299838233771
1.65412046250676,69.0657065354346
1.65943041968102,68.8021679171055
1.66474037685528,68.5393751841907
1.67005033402953,68.2965809778883
1.67536029120379,68.121972686015
1.68067024837805,68.0412737414735
1.68598020555231,68.0566267391456
1.69052365810151,68.1404872367155
1.69506711065072,68.2929001708037
1.69961056319992,68.5141492250595
1.70415401574913,68.8040456552141
1.72509549150042,71.0043548940674
1.74603696725171,74.4333891802299
1.76697844300301,78.7274635489772
1.7879199187543,83.4075812912467
1.8091016767006,87.9661645439808
1.8302834346469,91.8162102570305
1.8514651925932,94.5578209063036
1.8726469505395,95.9557204233371
1.88805081906239,96.0965269211011
1.90345468758528,95.5755716893309
1.91885855610818,94.5136273171983
1.93426242463107,93.0756759989307
1.94966629315396,91.4624089774084
1.96507016167686,89.8903303261165
1.98047403019975,88.5667648054845
1.99587789872264,87.6796586646142
2.00462220731731,87.3782012789057
2.01336651591197,87.1047165154877
2.02211082450664,86.8052877804486
2.0308551331013,86.4798837521041
2.03959944169596,86.1495046142781
2.04834375029063,85.8087461537363
2.05708805888529,85.4583550615686
2.06583236747995,85.0990389011192
2.09991685902352,83.6265428133149
2.13400135056709,82.0616983741886
2.16808584211066,80.4306023113411
2.20217033365423,78.7572348965329
2.23734494408501,77.0063247567603
2.2725195545158,75.2433988770837
2.30769416494659,73.4795346018577
2.34286877537737,71.7249502869889
2.35410474330387,71.1678484886247
2.36534071123036,70.6126118593258
2.37657667915685,70.0594164251627
2.38781264708335,69.5084248078886
2.39904861500984,68.9597858453598
2.41028458293633,68.4136336818431
2.42152055086283,67.8700913575748
2.43275651878932,67.3292719289319
2.44605555656902,66.6928103845035
2.45935459434872,66.0604580041049
2.47265363212841,65.4323493516582
2.48595266990811,64.8086052314328
2.48779981555599,64.7223228118901
2.48964696120388,64.6361269011988
2.49149410685176,64.5500177558684
2.49334125249964,64.4639956277034
2.4943198008543,64.4184596810623
2.49529834920895,64.3729482612557
2.49627689756361,64.3274614041247
2.49725544591827,64.2819991451516
2.49823399427292,64.2363358331809
2.49921254262758,64.1908279955917
2.50019109098223,64.1464927281614
2.50116963933689,64.1045388503509
2.50201261059549,64.0708479500951
2.50285558185408,64.0392408648225
2.50369855311268,64.0097344312014
2.50454152437128,63.9823449976669
2.50875638066426,63.8776901949473
2.51297123695725,63.8281256304499
2.51718609325023,63.835118715039
2.52140094954322,63.8998058414959
2.5408810585492,64.9666923484761
2.56036116755519,67.2474080798936
2.57984127656117,70.5702668634039
2.59932138556716,74.6399078464556
2.62069167386215,79.4885164246177
2.64206196215714,84.1630891117808
2.66343225045213,88.1345305721037
2.68480253874712,90.9819127611979
2.70194692025841,92.2653831028592
2.7190913017697,92.6383998347271
2.73623568328098,92.1748856467014
2.75338006479227,91.0318670108573
2.77052444630356,89.4407293175445
2.78766882781485,87.6859055217423
2.80481320932613,86.0575168238541
2.82195759083742,84.8339451506194
2.82427107616096,84.7143176187355
2.82658456148449,84.6071121364071
2.82889804680803,84.5128117978159
2.83121153213157,84.4318751302206
2.8335250174551,84.3615783992301
2.83583850277864,84.2932034319741
2.83815198810218,84.2221329511637
2.84046547342571,84.1489953839931
2.84234499601878,84.089663522988
2.84422451861184,84.0297191178122
2.84610404120491,83.9691713252751
2.84798356379797,83.9080291914713
2.8573811767633,83.5937141626875
2.86677878972862,83.2658343862624
2.87617640269395,82.9254008780154
2.88557401565927,82.5733683900251
2.91841915126227,81.2654078861827
2.95126428686527,79.8589356483688
2.98410942246826,78.379648983585
3.01695455807126,76.8510010601616
3.0513484701375,75.2179441642344
3.08574238220374,73.5650823958491
3.12013629426998,71.9042267889177
3.15453020633621,70.2462193567899
3.19526456132544,68.2980390148462
3.23599891631466,66.3737292312414
3.27673327130388,64.4796169128046
3.31746762629311,62.6219125946248
3.32085816762209,62.4691095403292
3.32424870895107,62.3165848571766
3.32763925028006,62.164340128235
3.33102979160904,62.0123768847259
3.33442033293803,61.8681669258011
3.33781087426701,61.750846055023
3.341201415596,61.6706140294973
3.34459195692498,61.627940283866
3.34747586005359,61.6188298113052
3.35035976318221,61.6362907482711
3.35324366631082,61.680675452631
3.35612756943944,61.7522617809554
3.37054708508251,62.5233476019628
3.38496660072558,63.9714433163556
3.39938611636865,66.0458959043764
3.41380563201172,68.6536158070586
3.43564072416153,73.3208889062828
3.45747581631133,78.3206824076453
3.47931090846114,83.0534621768128
3.50114600061095,86.9663470287866
3.52433269749598,89.7197032057125
3.54751939438102,90.8270390541836
3.57070609126605,90.3699690129203
3.59389278815108,88.6985728932971
3.60102709634254,88.028201931305
3.608161404534,87.3200885465753
3.61529571272547,86.5953768620774
3.62243002091693,85.8755357371493
3.62956432910839,85.1820706779565
3.63669863729985,84.5359388780528
3.64383294549131,83.9571402556795
3.65096725368277,83.4644880298042
3.65359252808174,83.3084022911723
3.6562178024807,83.1671470590437
3.65884307687967,83.0414853107283
3.66146835127863,82.9321418136304
3.66237142357398,82.8984257468302
3.66327449586932,82.8667487825142
3.66417756816467,82.8371370633998
3.66508064046002,82.8096161307084
3.66579858570458,82.7893679706962
3.66651653094915,82.7703983651795
3.66723447619371,82.7521674632837
3.66795242143828,82.7340318086743
3.66867036668284,82.715649062488
3.66938831192741,82.6971580596449
3.67010625717197,82.6785593983048
3.67082420241654,82.6598536738456
3.67441392863937,82.5647397648537
3.67800365486219,82.4670369912819
3.68159338108502,82.366816697185
3.68518310730785,82.2641486103128
3.70313173842198,81.7164789007093
3.72108036953612,81.1171535285392
3.73902900065025,80.4731823499119
3.75697763176439,79.790937077531
3.788908750926,78.5005004352108
3.8208398700876,77.1325429963963
3.85277098924921,75.7078141864314
3.88470210841082,74.2451611160937
3.91998050926376,72.60346942451
3.9552589101167,70.9472666869966
3.99053731096965,69.2876789686038
4.02581571182259,67.6349813950857
4.03898443793168,67.0215808762521
4.05215316404077,66.4104438506075
4.06532189014987,65.8018469915746
4.07849061625896,65.1960432089483
4.09165934236805,64.5932605836432
4.10482806847715,63.9937001877389
4.11799679458624,63.3975439788413
4.13116552069533,62.8049570929348
4.13859390503079,62.4723138886186
4.14602228936625,62.1408771662006
4.15345067370171,61.8106693086293
4.16087905803716,61.4817113070085
4.16830744237262,61.1909844892505
4.17573582670808,61.0294437278813
4.18316421104354,61.0464397333136
4.190592595379,61.2491504776571
4.1979319735061,61.6213727002412
4.2052713516332,62.169978242855
4.2126107297603,62.8924216103312
4.21995010788739,63.7829904607261
4.24202602072806,67.3815740479452
4.26410193356872,72.0016185165064
4.28617784640938,77.0983775459945
4.30825375925005,82.0583539446328
4.32950898999741,86.1192912983645
4.35076422074478,89.0553461414332
4.37201945149215,90.6349361762161
4.39327468223952,90.8260463059725
4.40969943565588,90.1297640888536
4.42612418907223,88.8890209781716
4.44254894248859,87.3230474683314
4.45897369590494,85.6810995043121
4.46475660877137,85.1350537777391
4.4705395216378,84.6234059377477
4.47632243450423,84.1567414627738
4.48210534737066,83.7451185446822
4.48610037313607,83.4978820018321
4.49009539890147,83.2843226336793
4.49409042466687,83.1071355211586
4.49808545043228,82.9688096216551
4.49885575674183,82.9469429112868
4.49962606305137,82.9265399956317
4.50039636936092,82.9069826103132
4.50116667567047,82.887533397773
4.50193698198002,82.8677999780642
4.50270728828957,82.8479415851458
4.50347759459912,82.8279589596616
4.50424790090866,82.8078528385613
4.50809943245641,82.70549535722
4.51195096400415,82.6001589127569
4.51580249555189,82.4919315410307
4.51965402709963,82.380899143558
4.53891168483834,81.7866060314337
4.55816934257705,81.133857234096
4.57742700031576,80.4311435800723
4.59668465805447,79.6861521263772
4.62868059262994,78.3734195522154
4.66067652720541,76.9874447086581
4.69267246178088,75.5482592468732
4.72466839635635,74.0740610308041
4.76025037946618,72.4114784638784
4.79583236257602,70.7366913063566
4.83141434568585,69.0605649680498
4.86699632879569,67.3931560028975
4.89079381837707,66.2868259587223
4.91459130795846,65.1891181171797
4.93838879753984,64.1013727204443
4.96218628712123,63.0247661031857
4.97079342411449,62.6383140387159
4.97940056110775,62.2534794411863
4.98800769810101,61.8702973752788
4.99661483509427,61.4888004220646
5.00522197208753,61.1621640869974
5.01382910908079,61.0178880907409
5.02243624607405,61.1232686261515
5.03104338306731,61.4866407549921
5.03988219952557,62.1093436130262
5.04872101598382,62.9861511343938
5.05755983244208,64.1053903867183
5.06639864890034,65.449078034936
5.08864020973275,69.6594713179224
5.11088177056517,74.5964468212118
5.13312333139759,79.6448727640483
5.15536489223,84.1797276197445
5.17678187443658,87.5231753868381
5.19819885664315,89.5506808816526
5.21961583884972,90.1658914085281
5.24103282105629,89.4837883493493
5.26237428008077,87.8348014622662
5.28371573910524,85.7297235456339
5.30505719812971,83.7153049683615
5.32639865715418,82.3244430187835
5.32743964221371,82.2816130178336
5.32848062727324,82.2414303499782
5.32952161233277,82.2039365805701
5.3305625973923,82.1691722352713
5.3309739040996,82.1561973797083
5.3313852108069,82.1436571888434
5.3317965175142,82.1315540250208
5.3322078242215,82.1198902241728
5.3326191309288,82.1087081630903
5.3330304376361,82.0979469691072
5.3334417443434,82.0874289467622
5.33385305105069,82.0769428840619
5.33423102394261,82.0672341491382
5.33460899683453,82.057495895717
5.33498696972645,82.0477282098789
5.33536494261837,82.0379311774935
5.33725480707796,81.9885088086315
5.33914467153755,81.9383655352018
5.34103453599715,81.8875118551741
5.34292440045674,81.8359581392753
5.3523737227547,81.5680452821819
5.36182304505266,81.2841145848088
5.37127236735062,80.9853247890096
5.38072168964858,80.6727700526805
5.41204951341588,79.5515966372773
5.44337733718318,78.3221874819342
5.47470516095047,77.0102392272091
5.50603298471777,75.6390522884545
5.5393564303242,74.1367823841471
5.57267987593063,72.6039939973859
5.60600332153707,71.053626513432
5.6393267671435,69.4974894271938
5.67866952915533,67.6657351518951
5.71801229116715,65.8481731352199
5.75735505317897,64.0521843059277
5.79669781519079,62.2848641695473
5.80514762969029,61.9096277352947
5.81359744418978,61.5359481779021
5.82204725868927,61.1638574568608
5.83049707318877,60.7933852877226
5.83894688768826,60.4760561214971
5.84739670218775,60.3354841100596
5.85584651668725,60.4367497311222
5.86429633118674,60.7874906541511
5.8730189301525,61.392437343727
5.88174152911825,62.2456304527705
5.89046412808401,63.3359973383365
5.89918672704977,64.6464670734384
5.92142176153277,68.8223183164534
5.94365679601578,73.7416062981833
5.96589183049878,78.7909293966775
5.98812686498179,83.3444907277485
6.00953599441539,86.7194569958228
6.030945123849,88.7866215735028
6.0523542532826,89.4434623497522
6.0737633827162,88.7985715090269
6.09517571606349,87.1689486612913
6.11658804941079,85.0676465824209
6.13800038275808,83.0459494629485
6.15941271610537,81.6428992615555
6.16045509244733,81.5995604383659
6.1614974687893,81.5588640698721
6.16253984513126,81.520852194682
6.16358222147323,81.4855658110958
6.16399561909059,81.4723351969389
6.16440901670795,81.4595420006841
6.16482241432532,81.4471886404999
6.16523581194268,81.4352775077127
6.16546962481579,81.4287373976348
6.16570343768889,81.4223399325137
6.165937250562,81.4160855334906
6.1661710634351,81.4099746189134
6.16640487630821,81.4040206002826
6.16663868918131,81.3982034192468
6.16687250205442,81.3924651807958
6.16710631492752,81.3867371812744
6.16734276394453,81.3809179769596
6.16757921296154,81.3750869687672
6.16781566197855,81.3692441781368
6.16805211099556,81.3633896264752
6.16923435608061,81.3339411996913
6.17041660116566,81.3042019392166
6.17159884625071,81.2741744840245
6.17278109133576,81.2438614529637
6.178692316761,81.0881031155933
6.18460354218624,80.9255867054052
6.19051476761149,80.7566175235367
6.19642599303673,80.5814897569988
6.22598212016296,79.6238000556921
6.25553824728918,78.54988821549
6.2850943744154,77.3849577508975
6.31465050154162,76.1517378363332
6.34696652403229,74.7473389225403
6.37928254652296,73.3006123332133
6.41159856901363,71.8259716755273
6.4439145915043,70.3365133721791
6.48191290553331,68.5805216103459
6.51991121956232,66.8291745316547
6.55790953359133,65.0910960359066
6.59590784762035,63.3744443416947
6.61998801213442,62.1927444940013
6.64406817664849,61.1061733835335
6.66814834116256,60.672446960991
6.69222850567663,61.5935734025368
6.7163086701907,64.3564957110185
6.74038883470477,68.720248429112
6.76446899921884,74.2384577402238
6.78854916373291,80.2450985322978
6.8095806711479,85.2442092586907
6.83061217856288,89.4720686672924
6.85164368597786,92.5474245600064
6.87267519339285,94.2492009612958
6.88756865658637,94.5973454020632
6.9024621197799,94.3047613846884
6.91735558297342,93.4802210103302
6.93224904616695,92.2718202439647
6.94714250936048,90.8598303933762
6.962035972554,89.4403128854834
6.97692943574753,88.2038872852876
6.99182289894105,87.3269671890702
6.99294020785364,87.2802654737863
6.99405751676623,87.2365093702487
6.99517482567882,87.1957520201272
6.99629213459141,87.1580452052407
6.99682460068944,87.1411635813345
6.99735706678746,87.1249915765223
6.99788953288548,87.1095344602369
6.99842199898351,87.0947974282882
6.99895446508153,87.0808525543213
6.99948693117955,87.0675993064196
7.00001939727758,87.0547417367183
7.0005518633756,87.0419276571998
7.00101455371135,87.0306717063548
7.0014772440471,87.0193644202555
7.00193993438285,87.0080059795339
7.0024026247186,86.9965965642807
7.00471607639734,86.938791137308
7.00702952807608,86.8797380498188
7.00934297975483,86.819459210063
7.01165643143357,86.7579762029227
7.02322368982729,86.4332385394778
7.03479094822102,86.0814502288033
7.04635820661474,85.7049621571377
7.05792546500846,85.3059699006582
7.0886677072855,84.151959571399
7.11940994956254,82.8855454790807
7.15015219183958,81.532897257922
7.18089443411661,80.1176931969257
7.21414965396697,78.5387770741354
7.24740487381733,76.925688243414
7.28066009366769,75.2924222637654
7.31391531351805,73.6517493332416
7.35305656824068,71.7250709553536
7.39219782296331,69.812065295831
7.43133907768595,67.9207064328111
7.47048033240858,66.0586398372457
7.47439331995014,65.8743686548164
7.47830630749169,65.6904412130016
7.48221929503325,65.5068612512309
7.48613228257481,65.323632384151
7.48775398272763,65.2477986711481
7.48937568288044,65.1720261050732
7.49099738303326,65.096314924498
7.49261908318607,65.0206653645193
7.49424078333889,64.9450776567635
7.49586248349171,64.869552029372
7.49748418364452,64.7940887071121
7.49910588379734,64.7186879114227
7.50721438456141,64.3911520509841
7.51532288532549,64.2300797591442
7.52343138608957,64.2960976103071
7.53153988685365,64.5949862209346
7.54013606221188,65.1465281043036
7.54873223757011,65.9410381423646
7.55732841292835,66.9675397284432
7.56592458828658,68.2094132363741
7.58803530399944,72.2351358230883
7.6101460197123,77.0089813880263
7.63225673542516,81.9264821728102
7.65436745113803,86.3702529767876
7.67572052145058,89.6744043539244
7.69707359176314,91.6886675249262
7.7184266620757,92.3052788691246
7.73977973238825,91.6256116509773
7.76115289662922,89.9563756515562
7.78252606087018,87.8036665874946
7.80389922511115,85.714371375462
7.82527238935211,84.2261604153497
7.82634038870503,84.1770119810885
7.82740838805795,84.1306105410211
7.82847638741087,84.0870020883949
7.82954438676378,84.0462314833572
7.83007184586623,84.0271561832278
7.83059930496867,84.0087889121147
7.83112676407112,83.9911347599317
7.83165422317356,83.9741987459357
7.832181682276,83.9580513839363
7.83270914137845,83.9425941598405
7.83323660048089,83.9275371921376
7.83376405958334,83.9125355247578
7.83423759841009,83.8989548590281
7.83471113723684,83.885330706332
7.83518467606359,83.8716632278064
7.83565821489034,83.8579525840921
7.83802590902409,83.7887574773122
7.84039360315784,83.7185070524845
7.84276129729159,83.647220837843
7.84512899142534,83.5749180659541
7.8569674620941,83.1988149162252
7.86880593276285,82.8000143218937
7.8806444034316,82.3806031505414
7.89248287410036,81.9425273216279
7.92475896098976,80.6682515180888
7.95703504787916,79.2990482939117
7.98931113476856,77.8593209590066
8.02158722165796,76.3712788368208
8.05600225916128,74.7516321954352
8.09041729666461,73.1113459142704
8.12483233416793,71.4623537367674
8.15924737167126,69.8156128985855
8.19986071694271,67.8870182304689
8.24047406221416,65.9814865631075
8.28108740748561,64.1053714847905
8.32170075275706,62.2648971806655
8.3233350858642,62.1916652138934
8.32496941897134,62.1184969259436
8.32660375207847,62.0453925024113
8.32823808518561,61.9723521259615
8.32951046414471,61.9155323864197
8.3307828431038,61.8587516590619
8.33205522206289,61.802010026422
8.33332760102199,61.7453075699961
8.33459997998108,61.689689627055
8.33587235894017,61.6378839657427
8.33714473789927,61.5913144926172
8.33841711685836,61.5499386869424
8.33966075399994,61.5140188934659
8.34090439114152,61.482841220652
8.3421480282831,61.4564509021891
8.34339166542468,61.4348907528838
8.34960985113257,61.4008701928352
8.35582803684047,61.4925969132851
8.36204622254836,61.7125592399497
8.36826440825626,62.0616144218651
8.38899354728055,64.1421950906206
8.40972268630485,67.4649948772175
8.43045182532915,71.697362735994
8.45118096435344,76.3874431817721
8.47245725827831,81.1150398180608
8.49373355220317,85.205481008649
8.51500984612803,88.2309290500172
8.5362861400529,89.9234237457397
8.55096797381227,90.265573079477
8.56564980757164,89.9861658092199
8.58033164133101,89.1778346651482
8.59501347509038,87.9726127071264
8.60969530884975,86.5357016752594
8.62437714260912,85.0513952220268
8.63905897636849,83.7028614101831
8.65374081012786,82.6638641519017
8.65613549811823,82.5350025429428
8.6585301861086,82.419117031807
8.66092487409897,82.3167595136798
8.66331956208935,82.2284543235245
8.6641319940364,82.2017767218238
8.66494442598345,82.1767924547622
8.6657568579305,82.1535197070219
8.66656928987755,82.1319762603506
8.66738172182459,82.1117582135453
8.66819415377164,82.0917786586889
8.66900658571869,82.0714806719284
8.66981901766574,82.0509074716399
8.67059017108435,82.0313428249536
8.67136132450296,82.0116542436487
8.67213247792156,81.9918424630668
8.67290363134017,81.9719082148781
8.6767593984332,81.8704253348949
8.68061516552624,81.7659884129072
8.68447093261927,81.6586848496602
8.6883266997123,81.5485999247004
8.70760553517747,80.959377873094
8.72688437064264,80.3122059174487
8.74616320610781,79.6155110691096
8.76544204157298,78.8769221482057
8.79744211927341,77.5768302295375
8.82944219697384,76.2043318168567
8.86144227467426,74.7792423052266
8.89344235237469,73.319563372749
8.92903180612123,71.6732974263261
8.96462125986777,70.0150109542581
9.00021071361431,68.3554520757423
9.03580016736085,66.7045693340638
9.05966590610166,65.6063264466902
9.08353164484247,64.5166847390777
9.10739738358328,63.4369789369614
9.13126312232409,62.3683803995784
9.1398036518997,61.9888643268855
9.1483441814753,61.6109264334336
9.15688471105091,61.2346005161857
9.16542524062652,60.8599179924816
9.17396577020213,60.5409639317462
9.18250629977774,60.4066068682088
9.19104682935335,60.5238056926689
9.19958735892895,60.8991913772197
9.20830487505099,61.5276777934984
9.21702239117303,62.4041407771698
9.22573990729507,63.5160467922995
9.23445742341711,64.8449630254907
9.25670101535331,69.0501290544311
9.27894460728951,73.9569967455674
9.30118819922572,78.9449500974775
9.32343179116192,83.3900267612524
9.34486445262464,86.6281103329122
9.36629711408736,88.5409708152308
9.38772977555008,89.0461521197673
9.4091624370128,88.272958012249
9.43028488038486,86.5877293900746
9.45140732375692,84.4893601505625
9.47252976712898,82.5092255930184
9.49365221050105,81.1617192561781
9.50193880431908,80.8631716492874
9.51022539813711,80.5908690164055
9.51851199195514,80.2981209033928
9.52679858577317,79.9850916364209
9.5350851795912,79.6699312467833
9.54337177340923,79.3476074848507
9.55165836722726,79.0186330538358
9.55994496104529,78.6834949412076
9.5954226856934,77.1906909609181
9.63090041034151,75.6234456657456
9.66637813498962,74.0051368091185
9.70185585963772,72.3574476537745
9.73796799023623,70.6678282514163
9.77408012083474,68.9757299527401
9.81019225143325,67.2902660091111
9.84630438203175,65.6199002757309
9.86022551086152,64.9815099220844
9.87414663969129,64.3464812483662
9.88806776852106,63.7150520678237
9.90198889735083,63.0874377328772
9.9159100261806,62.4638299451261
9.92983115501037,61.8443944406
9.94375228384014,61.229279118445
9.95767341266991,60.6186163320724
9.96535542399337,60.2835872415152
9.97303743531682,59.9499663915878
9.98071944664028,59.6177697378032
9.98840145796373,59.2870120648904
9.99065123668644,59.1904197204615
9.99290101540915,59.0939522878785
9.99515079413186,58.9976100811089
9.99740057285457,58.9013934062391
9.99965035157728,58.8082648102131
10.0019001303,58.726767488522
10.0041499090227,58.6615777865169
10.0063996877454,58.6124454793545
10.0083507380861,58.5814468801147
10.0103017884268,58.5621368240633
10.0122528387675,58.5546739034849
10.0142038891082,58.5592017185918
10.0239591408118,58.7657029677715
10.0337143925153,59.2845490362797
10.0434696442188,60.1158586539294
10.0532248959223,61.2498781816331
10.0750141477729,64.7710980681108
10.0968033996234,69.3038519138601
10.1185926514739,74.3253517592232
10.1403819033245,79.2446605543045
10.1617058513123,83.3765494346037
10.1830297993002,86.3989231357569
10.2043537472881,88.067052488272
10.225677695276,88.3372574322061
10.2420042136193,87.6986664750808
10.2583307319627,86.5110472023317
10.2746572503061,84.9869251284251
10.2909837686495,83.3696441989642
10.2967833046382,82.8225501183193
10.3025828406269,82.3076828186572
10.3083823766156,81.8358188103655
10.3141819126043,81.4172294309283
10.3164933057678,81.2674324622767
10.3188046989313,81.1282189522535
10.3211160920948,81.0001466409374
10.3234274852584,80.883752068757
10.3257388784219,80.7795497859734
10.3280502715854,80.6880307795912
10.3303616647489,80.6096615634547
10.3326730579124,80.5448836087934
10.3343815998656,80.5041010482606
10.3360901418188,80.4643584103227
10.337798683772,80.4232398269005
10.3395072257252,80.3809197267558
10.3412157676784,80.3384054369977
10.3429243096316,80.2952980785401
10.3446328515848,80.251605429482
10.346341393538,80.2073351825867
10.3548841033039,79.9775845638587
10.3634268130699,79.7344992296147
10.3719695228358,79.4789481945822
10.3805122326018,79.2117561737838
10.4115148255429,78.1570727277606
10.4425174184839,76.9911009811724
10.473520011425,75.7396165226657
10.5045226043661,74.4259654801607
10.5374751482087,72.9828812157942
10.5704276920512,71.5063229970365
10.6033802358938,70.009396388046
10.6363327797363,68.50404116589
10.675250028708,66.728441213326
10.7141672776796,64.9638200647393
10.7530845266513,63.2178172497193
10.7920017756229,61.4977368666498
10.7985607407871,61.2108574966929
10.8051197059513,60.9248613503718
10.8116786711155,60.6397651813368
10.8182376362797,60.3555848400252
10.8202450584554,60.268794601946
10.8222524806311,60.1820919648744
10.8242599028068,60.0954773324109
10.8262673249825,60.0089511008298
10.8271871435885,59.9693336556787
10.8281069621945,59.9297348894213
10.8290267808006,59.8901548386463
10.8299465994066,59.8505935396299
10.8304993925431,59.8268270025562
10.8310521856796,59.8030672589462
10.8316049788161,59.7793143165114
10.8321577719526,59.7555681829234
10.8327105650891,59.7317561240076
10.8332633582256,59.707992867107
10.8338161513621,59.6846053764333
10.8343689444986,59.661981635258
10.8348913557761,59.641497142856
10.8354137670535,59.6218120284505
10.835936178331,59.6029303729172
10.8364585896084,59.5848561857356
10.8390706459957,59.5067325309598
10.841682702383,59.4493553743808
10.8442947587703,59.4131429376478
10.8469068151576,59.3984661430096
10.8599670970941,59.6579990566758
10.8730273790305,60.4826981301531
10.886087660967,61.8617038099225
10.8991479429035,63.7534196266405
10.9208931626734,67.8432723611682
10.9426383824433,72.6579782466452
10.9643836022132,77.6250737799759
10.9861288219831,82.155981923855
11.0076613484426,85.6718243930256
11.0291938749022,87.8846217268011
11.0507264013617,88.671172730716
11.0722589278212,88.123996844284
11.089219070789,86.9507541752235
11.1061792137567,85.3827734432545
11.1231393567244,83.6889587413071
11.1400994996921,82.1511446225736
11.1454345645872,81.7452559848816
11.1507696294823,81.3899157212904
11.1561046943774,81.0922667137533
11.1614397592725,80.8588744192301
11.1623550606446,80.8257340742922
11.1632703620166,80.7946891176458
11.1641856633886,80.7657667635173
11.1651009647606,80.738993591512
11.1658203806624,80.7195988168894
11.1665397965641,80.7014888795006
11.1672592124659,80.6841214908031
11.1679786283677,80.6668502874485
11.1686980442694,80.6493313820432
11.1694174601712,80.6317042330784
11.170136876073,80.6139694378419
11.1708562919747,80.5961275908389
11.1744533714835,80.5053332088619
11.1780504509923,80.4119501148173
11.1816475305011,80.3160495429834
11.1852446100099,80.2177011111704
11.2032300075539,79.6916249701688
11.221215405098,79.1138748962219
11.239200802642,78.491446962649
11.257186200186,77.8306998420721
11.288955465184,76.587529816952
11.320724730182,75.2675360651736
11.35249399518,73.891029286712
11.384263260178,72.4764460121975
11.4194197997471,70.8847168523688
11.4545763393162,69.2776756590344
11.4897328788852,67.6663236914637
11.5248894184543,66.0608123838377
11.5380192959214,65.464435325285
11.5511491733884,64.870166613378
11.5642790508555,64.2782814224008
11.5774089283225,63.6890314481257
11.5905388057896,63.1026438648697
11.6036686832566,62.5193191852559
11.6167985607237,61.9392390234779
11.6299284381907,61.3625683535226
11.637516322185,61.0309177108615
11.6451042061792,60.7004806379274
11.6526920901734,60.3712811988291
11.6602799741676,60.0433419463504
11.6614556752857,59.9926436816591
11.6626313764038,59.9419762523769
11.6638070775219,59.8913397325259
11.66498277864,59.8407341953131
11.6661584797581,59.789825066031
11.6673341808762,59.7391414781018
11.6685098819943,59.6901924871681
11.6696855831124,59.6447717100099
11.6706435661921,59.6111192961229
11.6716015492719,59.5802319636343
11.6725595323516,59.5521325302861
11.6735175154314,59.5268429828007
11.6783074308301,59.4432539356807
11.6830973462289,59.4327209848365
11.6878872616276,59.4970115284191
11.6926771770264,59.6373307824485
11.7122092713438,61.0052350398638
11.7317413656612,63.5724393594199
11.7512734599786,67.1310076001609
11.770805554296,71.3557100111193
11.7922151999424,76.2531010815624
11.8136248455888,80.851017545538
11.8350344912352,84.6367229420663
11.8564441368815,87.2226710385019
11.8728732851447,88.247855479381
11.8893024334078,88.4466388775133
11.905731581671,87.9019580880329
11.9221607299342,86.7651163739642
11.9385898781973,85.2476413422769
11.9550190264605,83.6019749767384
11.9714481747236,82.0839330296733
11.9878773229868,80.9384860776544
11.9902014478708,80.8199897803663
11.9925255727549,80.7138781824732
11.9948496976389,80.6206485007709
11.9971738225229,80.5407732262984
11.9975638073073,80.5287107567628
11.9979537920916,80.5170389828552
11.998343776876,80.5057599218944
11.9987337616603,80.4948755698825
11.9989554485559,80.488865071673
11.9991771354515,80.4829831160069
11.999398822347,80.477230060229
11.9996205092426,80.4716062594227
11.9998421961382,80.4661237673743
12.0000638830337,80.4607645041947
12.0002855699293,80.4554763271174
12.0005072568248,80.4501973658543
12.0007324133806,80.4448116763218
12.0009575699364,80.4394152587445
12.0011827264922,80.4340081316376
12.001407883048,80.428590313489
12.002533665827,80.4013415023548
12.003659448606,80.3738281728207
12.004785231385,80.3460526055633
12.005911014164,80.3180170646923
12.0115399280589,80.1740180003005
12.0171688419539,80.0238497404734
12.0227977558488,79.8677771230101
12.0284266697438,79.7060557783978
12.0565712392185,78.8216463743372
12.0847158086933,77.829083706081
12.112860378168,76.7507323142787
12.1410049476428,75.6067010363028
12.1731880886392,74.2395303801305
12.2053712296356,72.8261347886069
12.2375543706321,71.381483954268
12.2697375116285,69.9191745089908
12.307305550518,68.2045327396132
12.3448735894074,66.4915957258542
12.3824416282969,64.7892559399234
12.4200096671864,63.1058879694704
12.4322465600491,62.5628519915789
12.4444834529119,62.0225623602028
12.4567203457747,61.4851572348355
12.4689572386374,60.9507626488957
12.4761647225876,60.6374612935759
12.4833722065378,60.3252646947513
12.490579690488,60.01419261261
12.4977871744382,59.7042636102369
12.5049946583884,59.4323050928281
12.5122021423386,59.2881885818307
12.5194096262888,59.3195603552463
12.526617110239,59.5314832755656
12.5333554245474,59.8814043362882
12.5400937388558,60.382195111908
12.5468320531641,61.0311727995224
12.5535703674725,61.8234149466531
12.5756109575269,65.3236488227647
12.5976515475814,69.8568749487843
12.6196921376358,74.8769232921965
12.6417327276902,79.7704331594355
12.6629768406098,83.7821662798141
12.6842209535294,86.678506736387
12.705465066449,88.2280365442835
12.7267091793686,88.3987577487488
12.7431372060624,87.6924672528619
12.7595652327562,86.4463652025402
12.77599325945,84.8796841315328
12.7924212861439,83.2415946782088
12.798196130332,82.6988047398845
12.8039709745201,82.1908136549882
12.8097458187082,81.7281419532671
12.8155206628964,81.3207841517008
12.8195015841894,81.0771077408649
12.8234825054825,80.8670395312817
12.8274634267755,80.6932396198911
12.8314443480686,80.5581647578415
12.8322083952999,80.5369996288515
12.8329724425312,80.5172790218723
12.8337364897624,80.4983944351488
12.8345005369937,80.4796202065042
12.835264584225,80.4605701779478
12.8360286314563,80.4414010152495
12.8367926786876,80.4221134189581
12.8375567259189,80.4027080861567
12.8413769620753,80.3039395518728
12.8451971982317,80.202330182643
12.8490174343881,80.0979632825453
12.8528376705445,79.9909201517529
12.8719388513266,79.4183472042956
12.8910400321087,78.7899225702511
12.9101412128908,78.1136985744351
12.9292423936729,77.396968499268
12.9612457119974,76.1232313446
12.993249030322,74.777996499383
13.0252523486465,73.3807911603243
13.057255666971,71.9493557126266
13.0928133006977,70.336277912523
13.1283709344245,68.7111915645302
13.1639285681512,67.0846643773735
13.199486201878,65.4664755744364
13.2125523164974,64.8755775514811
13.2256184311168,64.2869943505595
13.2386845457363,63.7009749513763
13.2517506603557,63.1177469000103
13.2648167749751,62.5375153685515
13.2778828895945,61.9604612167966
13.2909490042139,61.3867480412191
13.3040151188334,60.8165242303634
13.3108693932664,60.5188344300446
13.3177236676995,60.2221585334002
13.3245779421326,59.9265128066194
13.3314322165656,59.6319125627575
13.3382864909987,59.3715700046115
13.3451407654318,59.2268828209823
13.3519950398649,59.2410246856705
13.3588493142979,59.4183437345966
13.3649950677351,59.7061650176349
13.3711408211722,60.1199073909229
13.3772865746093,60.6580399058927
13.3834323280465,61.3174690017733
13.4053688361462,64.5857457550978
13.4273053442459,68.9552672131912
13.4492418523456,73.907629470547
13.4711783604453,78.84323204643
13.4923999077419,83.0107452537943
13.5136214550386,86.1307608065136
13.5348430023352,87.9363372845279
13.5560645496319,88.355087294001
13.572430644138,87.8107827976086
13.5887967386442,86.6837078489565
13.6051628331504,85.179967296023
13.6215289276565,83.5404717201829
13.6274901340886,82.9613905194359
13.6334513405206,82.4112807310158
13.6394125469527,81.9020369731387
13.6453737533847,81.4450513311102
13.6480685796956,81.2585427846234
13.6507634060065,81.0858662344161
13.6534582323174,80.9279265795977
13.6561530586283,80.7855907710169
13.6574958529938,80.7207504334142
13.6588386473592,80.6600887534345
13.6601814417246,80.6037014023855
13.6615242360901,80.5516813057436
13.6622504521858,80.5253991382877
13.6629766682815,80.5004346727024
13.6637028843772,80.4768015673871
13.6644291004729,80.4545132302093
13.6651553165686,80.4337069108126
13.6658815326643,80.414199678178
13.66660774876,80.3954457564673
13.6673339648557,80.3767944034239
13.6679402283846,80.3610274559953
13.6685464919135,80.345188438901
13.6691527554423,80.3292776907422
13.6697590189712,80.3132955487885
13.6727903366154,80.2323256499411
13.6758216542597,80.1496207333865
13.678852971904,80.0652214804452
13.6818842895482,79.9791677894453
13.6970408777696,79.5254480352681
13.7121974659909,79.0359064595411
13.7273540542123,78.5146983141645
13.7425106424336,77.9656399399906
13.7745825049245,76.7279769474118
13.8066543674154,75.4079266111802
13.8387262299063,74.0270843390189
13.8707980923972,72.6050817125862
13.9056629853849,71.0311108217038
13.9405278783727,69.4403112542478
13.9753927713604,67.8437957589883
14.0102576643482,66.251797675566
14.021208492896,65.7540844328787
14.0321593214437,65.2577130721993
14.0431101499915,64.7628544838454
14.0540609785392,64.2696670757068
14.065011807087,63.7782964462526
14.0759626356347,63.2888745785428
14.0869134641825,62.8015230648214
14.0978642927302,62.3163541230515
14.1108546578347,61.7437960551611
14.1238450229391,61.1746061433012
14.1368353880435,60.6089216978587
14.1498257531479,60.0468668613352
14.1533857313272,59.8934856613057
14.1569457095065,59.7403874143933
14.1605056876858,59.5875741327297
14.164065665865,59.4350477625133
14.1676256440443,59.2910337465894
14.1711856222236,59.1765688916581
14.1747456004028,59.1028869011686
14.1783055785821,59.0705744931301
14.1812959212415,59.0728802624367
14.1842862639009,59.1037700973002
14.1872766065603,59.1636221209863
14.1902669492197,59.2527280855459
14.2052186625168,60.142031763173
14.2201703758138,61.7546002192751
14.2351220891109,64.0284573899551
14.2500738024079,66.8535057554848
14.2719316176697,71.6541838159425
14.2937894329315,76.7035286596587
14.3156472481932,81.4016821878987
14.337505063455,85.208056463701
14.3613143722408,87.8399707661437
14.3851236810266,88.7286865544903
14.4089329898124,88.0196343395522
14.4327422985981,86.1447288019416
14.4394080278142,85.5011863651657
14.4460737570302,84.8376567648437
14.4527394862463,84.1715962457235
14.4594052154624,83.5205185158901
14.4660709446784,82.9017882048351
14.4727366738945,82.3322023661302
14.4794024031105,81.8277107864544
14.4860681323266,81.4032557124483
14.4886455989364,81.2635752930394
14.4912230655463,81.1386649003366
14.4938005321561,81.0292233999868
14.496377998766,80.9359130800853
14.4972361580045,80.9085341647191
14.498094317243,80.8830350513805
14.4989524764815,80.8594373090075
14.49981063572,80.8377620060797
14.5006687949585,80.8175599626121
14.501526954197,80.7976208066106
14.5023851134355,80.7773244712879
14.503243272674,80.7567189273113
14.504041259928,80.7375169643582
14.5048392471819,80.7181802870602
14.5056372344359,80.6987097183928
14.5064352216898,80.6791060770828
14.5104251579596,80.5791201672361
14.5144150942294,80.4759278175781
14.5184050304992,80.3696266752767
14.522394966769,80.2603119396482
14.542344648118,79.6717995573565
14.562294329467,79.0208331245749
14.582244010816,78.316739029942
14.602193692165,77.5679456417435
14.6339940493359,76.3004546240017
14.6657944065068,74.9619324104777
14.6975947636777,73.5716601454989
14.7293951208486,72.1471389114636
14.7649521353409,70.5312538778606
14.8005091498331,68.9029598479034
14.8360661643254,67.2729244731071
14.8716231788177,65.6510197914496
14.895528702061,64.5691003153004
14.9194342253044,63.4955535903931
14.9433397485478,62.4317164600293
14.9672452717912,61.3787624821182
14.9714737084051,61.1937248860052
14.9757021450189,61.0090615349926
14.9799305816328,60.8247767692093
14.9841590182467,60.6408747723827
14.986024111157,60.5598813649244
14.9878892040674,60.4789635477023
14.9897542969777,60.3981216509184
14.9916193898881,60.3173559992237
14.9934844827985,60.2366669117244
14.9953495757088,60.1560547019554
14.9972146686192,60.075519678085
14.9990797615295,59.9950621429975
15.0084052260813,59.6598397442616
15.0177306906331,59.5472694725421
15.0270561551848,59.7367096890471
15.0363816197366,60.235509875391
15.0454391933259,60.9908059294728
15.0544967669153,62.0093608233049
15.0635543405046,63.2740041677527
15.0726119140939,64.7609296956213
15.0949664937663,69.1874231007685
15.1173210734386,74.1892540283905
15.1396756531109,79.1264292814063
15.1620302327832,83.379189774255
15.1838295675581,86.3517498283163
15.205628902333,87.9095665869453
15.227428237108,88.0306558676235
15.2492275718829,86.9158472420604
15.2696541141579,85.1153132576956
15.290080656433,83.0701348872268
15.310507198708,81.2646920220145
15.3309337409831,80.1512201817066
15.3387782126795,79.9489793854174
15.346622684376,79.7687392743626
15.3544671560724,79.5649948672895
15.3623116277688,79.3383443009111
15.3701560994652,79.1068039347655
15.3780005711617,78.8653588833037
15.3858450428581,78.614616205638
15.3936895145545,78.3551542296205
15.4257374201836,77.2167150484416
15.4577853258127,75.973739493812
15.4898332314418,74.6518163418252
15.5218811370709,73.2742169126305
15.5554415090107,71.7924686386121
15.5890018809506,70.2843183736093
15.6225622528905,68.7618765533528
15.6561226248303,67.2362084995294
15.6958613395434,65.4376263223939
15.7356000542565,63.6553362855961
15.7753387689697,61.8961815900173
15.8150774836828,60.1667767373139
15.8186035960948,60.014966047523
15.8221297085069,59.8634231285141
15.8256558209189,59.7121501739949
15.829181933331,59.5611493089391
15.8298779592013,59.5313753021288
15.8305739850717,59.5016119926712
15.831270010942,59.4718593959608
15.8319660368124,59.4421175272919
15.8326620626828,59.4122707791494
15.8333580885531,59.3825016133219
15.8340541144235,59.353330154668
15.8347501402939,59.3253738689593
15.8353781166351,59.3014850452711
15.8360060929764,59.2787576828732
15.8366340693177,59.2571987380133
15.8372620456589,59.2368150169199
15.8404019273652,59.1527523058636
15.8435418090715,59.0990034255387
15.8466816907779,59.0762439795392
15.8498215724842,59.0850494300123
15.8655209810158,59.6165457258594
15.8812203895473,60.9618759076691
15.8969197980789,63.0731904207437
15.9126192066105,65.8420640343185
15.9343183703546,70.4440247810974
15.9560175340988,75.4160013634092
15.977716697843,80.168547748015
15.9994158615871,84.1517782028593
16.0223885644044,87.0232722197873
16.0453612672217,88.2886941353988
16.068333970039,88.0002602526433
16.0913066728563,86.4731577493134
16.0984718797155,85.8272870287388
16.1056370865747,85.1359823979418
16.1128022934339,84.4204529369573
16.1199675002932,83.7023767216479
16.1271327071524,83.0036078005955
16.1342979140116,82.3455822604711
16.1414631208708,81.7488892846883
16.1486283277301,81.2330331280555
16.1512971684431,81.0652876500524
16.1539660091561,80.9121607338787
16.1566348498691,80.7744869611205
16.159303690582,80.6530618349168
16.1602442716627,80.6142826895789
16.1611848527434,80.5776476302915
16.1621254338241,80.5431877343962
16.1630660149047,80.5109333926403
16.1636003379846,80.4936041167751
16.1641346610644,80.4770015387441
16.1646689841442,80.4611309267231
16.165203307224,80.4459974742632
16.1657376303039,80.43167386316
16.1662719533837,80.418058591888
16.1668062764635,80.4048529619738
16.1673405995433,80.3917015268448
16.1678065402837,80.3801188978973
16.1682724810241,80.3684918841587
16.1687384217645,80.356820644877
16.1692043625049,80.3451053388186
16.1715340662069,80.2858733318139
16.1738637699089,80.2255631941368
16.1761934736109,80.1641942356242
16.1785231773128,80.1017854787883
16.1901716958228,79.7747967101487
16.2018202143327,79.424502701179
16.2134687328426,79.0529728252835
16.2251172513525,78.6621387663377
16.2565711041622,77.5247801779243
16.2880249569719,76.2892624350543
16.3194788097816,74.9794631215346
16.3509326625914,73.6170404141095
16.384712722148,72.1153701974099
16.4184927817046,70.5876038751512
16.4522728412611,69.0459793475657
16.4860529008177,67.5016929362527
16.5258585077215,65.6906611827518
16.5656641146253,63.8966453437701
16.605469721529,62.1264178559782
16.6452753284328,60.3865310422549
16.6475298628523,60.2890211285793
16.6497843972718,60.1916217013502
16.6520389316913,60.09433333252
16.6542934661108,59.9971565824093
16.6565480005303,59.9000919997201
16.6588025349498,59.8031401214657
16.6610570693693,59.7063014734911
16.6633116037888,59.6095765706836
16.663825354588,59.5875514018859
16.6643391053872,59.5655321715967
16.6648528561865,59.5435188856707
16.6653666069857,59.5215115499332
16.665607328321,59.5112019160129
16.6658480496562,59.5008935902956
16.6660887709915,59.4905865733742
16.6663294923267,59.48028086584
16.6664137859117,59.4766741640312
16.6664980794967,59.4730654605368
16.6665823730817,59.469453757379
16.6666666666667,59.46584803661
